test_name	upstream_case	oracle_configuration	expected_artifact	expected_behavior
should_report_implicit_any_given_unannotated_parameter_when_compiling_project	compiler/noImplicitAnyFunctions.ts	tsgo --target ES2015 --noEmit --noImplicitAny	noImplicitAnyFunctions.errors.txt	An unannotated function parameter reports TS7006.
should_report_implicit_any_given_unannotated_parameter_when_using_cli_option	compiler/noImplicitAnyFunctions.ts	tsgo --target ES2015 --noEmit --noImplicitAny	noImplicitAnyFunctions.errors.txt	The --noImplicitAny command-line option reports TS7006 for an unannotated function parameter.
should_report_implicit_any_given_array_extends_project_configuration_when_running_compiler_cli	compiler/configFileExtendsAsList.ts	tsgo --project --noEmit; project extends [tsconfig1.json, tsconfig2.json]	configFileExtendsAsList.errors.txt	The second inherited config enables noImplicitAny and reports TS7006.
should_report_implicit_any_this_given_unannotated_function_declaration_when_compiling_project	compiler/thisInFunctionCall.ts	tsgo --target ES2015 --noEmit --noImplicitThis	thisInFunctionCall.errors.txt	An unannotated function declaration's this value reports TS2683 with noImplicitThis.
should_report_unused_local_given_unread_binding_when_compiling_project	compiler/noUnusedLocals_writeOnly.ts	tsgo --target ES2015 --noEmit --noUnusedLocals	noUnusedLocals_writeOnly.errors.txt	An unread function-local binding reports TS6133.
should_report_unused_parameter_given_unread_parameter_when_compiling_project	compiler/unusedSingleParameterInFunctionDeclaration.ts	tsgo --target ES2015 --noEmit --noUnusedParameters	unusedSingleParameterInFunctionDeclaration.errors.txt	An unread function parameter reports TS6133.
should_require_override_modifier_given_overriding_member_when_compiling_project	conformance/override/override1.ts	tsgo --target ES2015 --noEmit --noImplicitOverride	override1.errors.txt	A derived member without override reports TS4114.
should_report_switch_fallthrough_given_nonterminating_case_when_compiling_project	compiler/fallFromLastCase2.ts	tsgo --target ES2015 --noEmit --noFallthroughCasesInSwitch	fallFromLastCase2.errors.txt	A switch clause that falls into the next case reports TS7029.
should_report_explicit_undefined_given_exact_optional_property_when_compiling_project	compiler/deleteExpressionMustBeOptional_exactOptionalPropertyTypes.ts	tsgo --target ES2015 --noEmit --strictNullChecks --exactOptionalPropertyTypes	deleteExpressionMustBeOptional_exactOptionalPropertyTypes(exactoptionalpropertytypes=true).errors.txt	An optional property explicitly initialized to undefined reports TS2375.
should_report_possible_undefined_given_array_index_when_compiling_project	conformance/pedantic/noUncheckedIndexedAccess.ts	tsgo --target ES2015 --noEmit --strictNullChecks --noUncheckedIndexedAccess	noUncheckedIndexedAccess.errors.txt	Assigning an unchecked array element to string reports TS2322 because it may be undefined.
should_allow_unresolved_side_effect_import_given_option_disabled_when_compiling_project	compiler/sideEffectImports1.ts	tsgo --target ES2015 --module preserve --noUncheckedSideEffectImports false	sideEffectImports1(module=preserve,nouncheckedsideeffectimports=false).js	A missing side-effect import is accepted and emitted when noUncheckedSideEffectImports is false.
should_report_index_signature_property_access_given_option_when_compiling_project	conformance/additionalChecks/noPropertyAccessFromIndexSignature1.ts	tsgo --target ES2015 --noEmit --noPropertyAccessFromIndexSignature	noPropertyAccessFromIndexSignature1.errors.txt	Dot access to an index-signature-only property reports TS4111.
should_allow_bracket_access_given_index_signature_property_and_option_when_compiling_project	conformance/additionalChecks/noPropertyAccessFromIndexSignature1.ts	tsgo --target ES2015 --noEmit --noPropertyAccessFromIndexSignature	noPropertyAccessFromIndexSignature1.errors.txt	Bracket access to an index-signature-only property remains valid.
should_allow_declared_property_dot_access_given_index_signature_and_option_when_compiling_project	conformance/additionalChecks/noPropertyAccessFromIndexSignature1.ts	tsgo --target ES2015 --noEmit --noPropertyAccessFromIndexSignature	noPropertyAccessFromIndexSignature1.errors.txt	Dot access to a declared property remains valid when an index signature is also present.
should_report_possible_null_given_nullable_object_property_read_when_checking_types	conformance/types/nonPrimitive/nonPrimitiveStrictNull.ts	tsgo --target ES2015 --noEmit --strictNullChecks	nonPrimitiveStrictNull.errors.txt	A nullable object property read without narrowing reports TS18047.
should_report_nullish_rhs_possibly_null_given_nullable_left_operand_when_checking_types	conformance/expressions/nullishCoalescingOperator/nullishCoalescingOperator4.ts	tsgo --target ES2015 --noEmit --strictNullChecks	nullishCoalescingOperator4.errors.txt	A possibly nullish right operand of nullish coalescing reports TS18049 on property access.
should_emit_null_type_annotation_given_default_null_expression_when_emitting_declarations	conformance/declarationEmit/exportDefaultExpressionComments.ts	tsgo --target ES2015 --module commonjs --declaration --strictNullChecks	exportDefaultExpressionComments.js	An exported null default gets the declaration type `null` under strictNullChecks.
should_require_type_only_import_given_verbatim_module_syntax_when_compiling_project	compiler/isolatedModulesShadowGlobalTypeNotValue.ts	tsgo --project tsconfig.json --module es2022 --target es2015 --verbatimModuleSyntax --noEmit	isolatedModulesShadowGlobalTypeNotValue(isolatedmodules=false,verbatimmodulesyntax=true).errors.txt	A regular import used only as a type reports TS1484 under verbatimModuleSyntax.
should_report_unknown_catch_binding_given_unannotated_catch_when_compiling_project	compiler/useUnknownInCatchVariables01.ts	tsgo --target ES2015 --noEmit --useUnknownInCatchVariables	useUnknownInCatchVariables01.errors.txt	An unannotated catch binding is unknown and reports TS2322 when assigned to string.
should_report_missing_return_given_partial_return_path_when_compiling_project	compiler/noImplicitReturnsWithoutReturnExpression.ts	tsgo --target ES2015 --noEmit --strict false --noImplicitReturns	noImplicitReturnsWithoutReturnExpression.errors.txt	A non-void function with a partial return path reports TS7030.
should_report_unreachable_statement_given_allow_unreachable_code_false_when_compiling_project	compiler/reachabilityChecks11.ts	tsgo --target ES2015 --noEmit --strict false --allowUnreachableCode false --preserveConstEnums	reachabilityChecks11.errors.txt	A statement after an unconditional return reports TS7027 when allowUnreachableCode is false.
