test_name	location	contract	oracle	status
should_include_analyzer_diagnostic_given_registered_analyzer_when_compiling	tests/analyzer_hooks.rs	An analyzer can return an owned diagnostic that is included in the compilation result.	project-owned; no TypeScript conformance equivalent	existing coverage
should_analyze_generated_source_given_registered_generator_when_compiling	tests/analyzer_hooks.rs	Analyzers receive the syntax trees after generated sources have been added.	project-owned; no TypeScript conformance equivalent	existing coverage
should_compile_owned_generated_source_given_generator_when_compiling	tests/generator_hooks.rs	Generated source output is owned and participates in normal JavaScript emission.	project-owned; no TypeScript conformance equivalent	existing coverage
should_check_authored_import_against_generated_export_given_generator_when_compiling	tests/generator_hooks.rs	Authored imports can resolve and type-check against generated exports.	project-owned; no TypeScript conformance equivalent	existing coverage
should_share_authored_snapshot_given_multiple_generators_when_compiling	tests/extension_lifecycle.rs	Each generator reads the same immutable authored syntax-tree and diagnostic snapshot; earlier generator output is excluded from later generator inputs.	project-owned; no TypeScript conformance equivalent	green
should_run_generators_before_analyzers_given_registered_extensions_when_compiling	tests/extension_lifecycle.rs	Every registered generator runs before the analyzer stage begins.	project-owned; no TypeScript conformance equivalent	green
should_preserve_generator_order_given_multiple_outputs_when_emitting	tests/extension_lifecycle.rs	Generated files are emitted in generator registration order and per-generator output order.	project-owned; no TypeScript conformance equivalent	green
should_preserve_analyzer_registration_order_given_equal_span_diagnostics_when_compiling	tests/extension_lifecycle.rs	Analyzer diagnostics with equal spans retain analyzer registration order.	project-owned; no TypeScript conformance equivalent	green
should_propagate_generator_diagnostic_given_generator_output_when_compiling	tests/extension_lifecycle.rs	Owned generator diagnostics are included in the compilation result.	project-owned; no TypeScript conformance equivalent	green
should_propagate_analyzer_diagnostic_given_registered_analyzer_when_compiling	tests/extension_lifecycle.rs	Owned analyzer diagnostics are included in the compilation result.	project-owned; no TypeScript conformance equivalent	green
should_check_generated_source_given_incompatible_initializer_when_compiling	tests/extension_lifecycle.rs	Generated files pass through the regular compiler checker and can report TS2322.	project-owned; no TypeScript conformance equivalent	green
should_isolate_generated_sources_given_repeated_compilations_when_compiling	tests/extension_lifecycle.rs	Each compile call owns a fresh generated syntax-tree and output set.	project-owned; no TypeScript conformance equivalent	green
should_report_authored_generated_path_collision_given_generator_output_when_compiling	tests/extension_lifecycle.rs	A generated source that collides with an authored path is rejected or reported.	project-owned; no TypeScript conformance equivalent	red
should_report_duplicate_generated_path_given_multiple_sources_when_compiling	tests/extension_lifecycle.rs	Multiple generated sources with the same path are rejected or reported.	project-owned; no TypeScript conformance equivalent	red
should_report_invalid_generated_path_given_unsupported_extension_when_compiling	tests/extension_lifecycle.rs	An unsupported generated-source extension is rejected and reported.	project-owned; no TypeScript conformance equivalent	green
should_reject_parent_directory_generated_path_given_registered_generator_when_compiling	tests/extension_lifecycle.rs	Generated sources that resolve outside the compilation root are diagnosed and excluded from emit.	project-owned; no TypeScript conformance equivalent	red
