source_case	configuration	oracle_status	reference_status	reason	checks	oracle_test	typescript_revision	typescript_go_revision
compiler/binderBinaryExpressionStressJs.ts	default	pass	verified-empty-reference-output	pinned runner accepted absent diagnostic, emit, and source-map baselines; noemit=true; notypesandsymbols=true	error;output;source_file_parent_pointers;sourcemap;sourcemap_record;union_ordering	TestSubmodule/binderBinaryExpressionStressJs.ts	4d4f005c8541e0255a9d8791205fdce326e462bc	2bd066d87f5bafd315be9f40889d0a60b9e58e0b
conformance/classes/classExpressions/classWithStaticFieldInParameterBindingPattern.3.ts	default	pass	verified-empty-reference-output	pinned runner accepted absent diagnostic, emit, and source-map baselines; noemit=true; notypesandsymbols=true	error;output;source_file_parent_pointers;sourcemap;sourcemap_record;union_ordering	TestSubmodule/classWithStaticFieldInParameterBindingPattern.3.ts	4d4f005c8541e0255a9d8791205fdce326e462bc	2bd066d87f5bafd315be9f40889d0a60b9e58e0b
conformance/classes/classExpressions/classWithStaticFieldInParameterInitializer.3.ts	default	pass	verified-empty-reference-output	pinned runner accepted absent diagnostic, emit, and source-map baselines; noemit=true; notypesandsymbols=true	error;output;source_file_parent_pointers;sourcemap;sourcemap_record;union_ordering	TestSubmodule/classWithStaticFieldInParameterInitializer.3.ts	4d4f005c8541e0255a9d8791205fdce326e462bc	2bd066d87f5bafd315be9f40889d0a60b9e58e0b
compiler/crossFileOverloadModifierConsistency.ts	default	pass	verified-empty-reference-output	pinned runner accepted absent diagnostic, emit, and source-map baselines; noemit=true; notypesandsymbols=true	error;output;source_file_parent_pointers;sourcemap;sourcemap_record;union_ordering	TestSubmodule/crossFileOverloadModifierConsistency.ts	4d4f005c8541e0255a9d8791205fdce326e462bc	2bd066d87f5bafd315be9f40889d0a60b9e58e0b
compiler/declarationEmitMonorepoBaseUrl.ts	default	skip	unsupported-by-tsgo:unsupported-baseurl	unsupported baseUrl /		TestSubmodule/declarationEmitMonorepoBaseUrl.ts	4d4f005c8541e0255a9d8791205fdce326e462bc	2bd066d87f5bafd315be9f40889d0a60b9e58e0b
compiler/declarationEmitPathMappingMonorepo.ts	default	skip	unsupported-by-tsgo:unsupported-baseurl	unsupported baseUrl /.src/packages/b		TestSubmodule/declarationEmitPathMappingMonorepo.ts	4d4f005c8541e0255a9d8791205fdce326e462bc	2bd066d87f5bafd315be9f40889d0a60b9e58e0b
compiler/declarationEmitPathMappingMonorepo2.ts	default	skip	unsupported-by-tsgo:unsupported-baseurl	unsupported baseUrl /.src/packages		TestSubmodule/declarationEmitPathMappingMonorepo2.ts	4d4f005c8541e0255a9d8791205fdce326e462bc	2bd066d87f5bafd315be9f40889d0a60b9e58e0b
compiler/deeplyNestedTemplateLiteralIntersection.ts	default	pass	verified-empty-reference-output	pinned runner accepted absent diagnostic, emit, and source-map baselines; noemit=true; notypesandsymbols=true	error;output;source_file_parent_pointers;sourcemap;sourcemap_record;union_ordering	TestSubmodule/deeplyNestedTemplateLiteralIntersection.ts	4d4f005c8541e0255a9d8791205fdce326e462bc	2bd066d87f5bafd315be9f40889d0a60b9e58e0b
compiler/deprecatedCompilerOptions2.ts	default	skip	unsupported-by-tsgo:unsupported-module-amd	unsupported module kind AMD		TestSubmodule/deprecatedCompilerOptions2.ts	4d4f005c8541e0255a9d8791205fdce326e462bc	2bd066d87f5bafd315be9f40889d0a60b9e58e0b
compiler/deprecatedCompilerOptions6.ts	default	skip	unsupported-by-tsgo:unsupported-module-amd	unsupported module kind AMD		TestSubmodule/deprecatedCompilerOptions6.ts	4d4f005c8541e0255a9d8791205fdce326e462bc	2bd066d87f5bafd315be9f40889d0a60b9e58e0b
conformance/jsdoc/importTag21.ts	default	pass	verified-empty-reference-output	pinned runner accepted absent diagnostic, emit, and source-map baselines; noemit=true; notypesandsymbols=true	error;output;source_file_parent_pointers;sourcemap;sourcemap_record;union_ordering	TestSubmodule/importTag21.ts	4d4f005c8541e0255a9d8791205fdce326e462bc	2bd066d87f5bafd315be9f40889d0a60b9e58e0b
compiler/isolatedModulesReExportAlias.ts	default	pass	verified-empty-reference-output	pinned runner accepted absent diagnostic, emit, and source-map baselines; noemit=true; notypesandsymbols=true	error;output;source_file_parent_pointers;sourcemap;sourcemap_record;union_ordering	TestSubmodule/isolatedModulesReExportAlias.ts	4d4f005c8541e0255a9d8791205fdce326e462bc	2bd066d87f5bafd315be9f40889d0a60b9e58e0b
compiler/modulePreserve5.ts	default	pass	verified-empty-reference-output	pinned runner accepted absent diagnostic, emit, and source-map baselines; noemit=true; notypesandsymbols=true	error;output;source_file_parent_pointers;sourcemap;sourcemap_record;union_ordering	TestSubmodule/modulePreserve5.ts	4d4f005c8541e0255a9d8791205fdce326e462bc	2bd066d87f5bafd315be9f40889d0a60b9e58e0b
compiler/moduleResolutionPackageIdWithRelativeAndAbsolutePath.ts	default	skip	unsupported-by-tsgo:unsupported-baseurl	unsupported baseUrl /project		TestSubmodule/moduleResolutionPackageIdWithRelativeAndAbsolutePath.ts	4d4f005c8541e0255a9d8791205fdce326e462bc	2bd066d87f5bafd315be9f40889d0a60b9e58e0b
compiler/moduleResolutionWithExtensions_withPaths.ts	default	skip	unsupported-by-tsgo:unsupported-module-resolution-node10	unsupported module resolution kind 2		TestSubmodule/moduleResolutionWithExtensions_withPaths.ts	4d4f005c8541e0255a9d8791205fdce326e462bc	2bd066d87f5bafd315be9f40889d0a60b9e58e0b
compiler/moduleResolutionWithSuffixes_empty.ts	default	skip	unsupported-by-tsgo:unsupported-module-resolution-node10	unsupported module resolution kind 2		TestSubmodule/moduleResolutionWithSuffixes_empty.ts	4d4f005c8541e0255a9d8791205fdce326e462bc	2bd066d87f5bafd315be9f40889d0a60b9e58e0b
compiler/moduleResolutionWithSuffixes_notSpecified.ts	default	skip	unsupported-by-tsgo:unsupported-module-resolution-node10	unsupported module resolution kind 2		TestSubmodule/moduleResolutionWithSuffixes_notSpecified.ts	4d4f005c8541e0255a9d8791205fdce326e462bc	2bd066d87f5bafd315be9f40889d0a60b9e58e0b
compiler/moduleResolutionWithSuffixes_one.ts	default	skip	unsupported-by-tsgo:unsupported-module-resolution-node10	unsupported module resolution kind 2		TestSubmodule/moduleResolutionWithSuffixes_one.ts	4d4f005c8541e0255a9d8791205fdce326e462bc	2bd066d87f5bafd315be9f40889d0a60b9e58e0b
compiler/moduleResolutionWithSuffixes_oneBlank.ts	default	skip	unsupported-by-tsgo:unsupported-module-resolution-node10	unsupported module resolution kind 2		TestSubmodule/moduleResolutionWithSuffixes_oneBlank.ts	4d4f005c8541e0255a9d8791205fdce326e462bc	2bd066d87f5bafd315be9f40889d0a60b9e58e0b
compiler/moduleResolutionWithSuffixes_oneNotFound.ts	default	skip	unsupported-by-tsgo:unsupported-module-resolution-node10	unsupported module resolution kind 2		TestSubmodule/moduleResolutionWithSuffixes_oneNotFound.ts	4d4f005c8541e0255a9d8791205fdce326e462bc	2bd066d87f5bafd315be9f40889d0a60b9e58e0b
compiler/moduleResolutionWithSuffixes_one_dirModuleWithIndex.ts	default	skip	unsupported-by-tsgo:unsupported-module-resolution-node10	unsupported module resolution kind 2		TestSubmodule/moduleResolutionWithSuffixes_one_dirModuleWithIndex.ts	4d4f005c8541e0255a9d8791205fdce326e462bc	2bd066d87f5bafd315be9f40889d0a60b9e58e0b
compiler/moduleResolutionWithSuffixes_one_externalModule.ts	default	skip	unsupported-by-tsgo:unsupported-module-resolution-node10	unsupported module resolution kind 2		TestSubmodule/moduleResolutionWithSuffixes_one_externalModule.ts	4d4f005c8541e0255a9d8791205fdce326e462bc	2bd066d87f5bafd315be9f40889d0a60b9e58e0b
compiler/moduleResolutionWithSuffixes_one_externalModulePath.ts	default	skip	unsupported-by-tsgo:unsupported-module-resolution-node10	unsupported module resolution kind 2		TestSubmodule/moduleResolutionWithSuffixes_one_externalModulePath.ts	4d4f005c8541e0255a9d8791205fdce326e462bc	2bd066d87f5bafd315be9f40889d0a60b9e58e0b
compiler/moduleResolutionWithSuffixes_one_externalModule_withPaths.ts	default	skip	unsupported-by-tsgo:unsupported-module-resolution-node10	unsupported module resolution kind 2		TestSubmodule/moduleResolutionWithSuffixes_one_externalModule_withPaths.ts	4d4f005c8541e0255a9d8791205fdce326e462bc	2bd066d87f5bafd315be9f40889d0a60b9e58e0b
compiler/moduleResolutionWithSuffixes_one_externalTSModule.ts	default	skip	unsupported-by-tsgo:unsupported-module-resolution-node10	unsupported module resolution kind 2		TestSubmodule/moduleResolutionWithSuffixes_one_externalTSModule.ts	4d4f005c8541e0255a9d8791205fdce326e462bc	2bd066d87f5bafd315be9f40889d0a60b9e58e0b
compiler/moduleResolutionWithSuffixes_one_jsModule.ts	default	skip	unsupported-by-tsgo:unsupported-module-resolution-node10	unsupported module resolution kind 2		TestSubmodule/moduleResolutionWithSuffixes_one_jsModule.ts	4d4f005c8541e0255a9d8791205fdce326e462bc	2bd066d87f5bafd315be9f40889d0a60b9e58e0b
compiler/moduleResolutionWithSuffixes_one_jsonModule.ts	default	skip	unsupported-by-tsgo:unsupported-module-resolution-node10	unsupported module resolution kind 2		TestSubmodule/moduleResolutionWithSuffixes_one_jsonModule.ts	4d4f005c8541e0255a9d8791205fdce326e462bc	2bd066d87f5bafd315be9f40889d0a60b9e58e0b
compiler/moduleResolutionWithSuffixes_threeLastIsBlank1.ts	default	skip	unsupported-by-tsgo:unsupported-module-resolution-node10	unsupported module resolution kind 2		TestSubmodule/moduleResolutionWithSuffixes_threeLastIsBlank1.ts	4d4f005c8541e0255a9d8791205fdce326e462bc	2bd066d87f5bafd315be9f40889d0a60b9e58e0b
compiler/moduleResolutionWithSuffixes_threeLastIsBlank2.ts	default	skip	unsupported-by-tsgo:unsupported-module-resolution-node10	unsupported module resolution kind 2		TestSubmodule/moduleResolutionWithSuffixes_threeLastIsBlank2.ts	4d4f005c8541e0255a9d8791205fdce326e462bc	2bd066d87f5bafd315be9f40889d0a60b9e58e0b
compiler/moduleResolutionWithSuffixes_threeLastIsBlank3.ts	default	skip	unsupported-by-tsgo:unsupported-module-resolution-node10	unsupported module resolution kind 2		TestSubmodule/moduleResolutionWithSuffixes_threeLastIsBlank3.ts	4d4f005c8541e0255a9d8791205fdce326e462bc	2bd066d87f5bafd315be9f40889d0a60b9e58e0b
compiler/moduleResolutionWithSuffixes_threeLastIsBlank4.ts	default	skip	unsupported-by-tsgo:unsupported-module-resolution-node10	unsupported module resolution kind 2		TestSubmodule/moduleResolutionWithSuffixes_threeLastIsBlank4.ts	4d4f005c8541e0255a9d8791205fdce326e462bc	2bd066d87f5bafd315be9f40889d0a60b9e58e0b
conformance/moduleResolution/node10IsNode_node.ts	default	skip	unsupported-by-tsgo:unsupported-module-resolution-node10	unsupported module resolution kind 2		TestSubmodule/node10IsNode_node.ts	4d4f005c8541e0255a9d8791205fdce326e462bc	2bd066d87f5bafd315be9f40889d0a60b9e58e0b
conformance/externalModules/rewriteRelativeImportExtensions/nodeModulesTsFiles.ts	module=node18	pass	verified-empty-reference-output	pinned runner accepted absent diagnostic, emit, and source-map baselines; noemit=true; notypesandsymbols=true	error;output;source_file_parent_pointers;sourcemap;sourcemap_record;union_ordering	TestSubmodule/nodeModulesTsFiles.ts_module=node18	4d4f005c8541e0255a9d8791205fdce326e462bc	2bd066d87f5bafd315be9f40889d0a60b9e58e0b
conformance/externalModules/rewriteRelativeImportExtensions/nodeModulesTsFiles.ts	module=node20	pass	verified-empty-reference-output	pinned runner accepted absent diagnostic, emit, and source-map baselines; noemit=true; notypesandsymbols=true	error;output;source_file_parent_pointers;sourcemap;sourcemap_record;union_ordering	TestSubmodule/nodeModulesTsFiles.ts_module=node20	4d4f005c8541e0255a9d8791205fdce326e462bc	2bd066d87f5bafd315be9f40889d0a60b9e58e0b
conformance/externalModules/rewriteRelativeImportExtensions/nodeModulesTsFiles.ts	module=nodenext	pass	verified-empty-reference-output	pinned runner accepted absent diagnostic, emit, and source-map baselines; noemit=true; notypesandsymbols=true	error;output;source_file_parent_pointers;sourcemap;sourcemap_record;union_ordering	TestSubmodule/nodeModulesTsFiles.ts_module=nodenext	4d4f005c8541e0255a9d8791205fdce326e462bc	2bd066d87f5bafd315be9f40889d0a60b9e58e0b
compiler/outFileIsDeprecated.ts	default	skip	unsupported-by-tsgo:unsupported-outfile	unsupported outFile /foo/dist.js		TestSubmodule/outFileIsDeprecated.ts	4d4f005c8541e0255a9d8791205fdce326e462bc	2bd066d87f5bafd315be9f40889d0a60b9e58e0b
conformance/moduleResolution/packageJsonExportsOptionsCompat.ts	default	skip	unsupported-by-tsgo:unsupported-module-resolution-classic	unsupported module resolution kind 1		TestSubmodule/packageJsonExportsOptionsCompat.ts	4d4f005c8541e0255a9d8791205fdce326e462bc	2bd066d87f5bafd315be9f40889d0a60b9e58e0b
compiler/pathMappingBasedModuleResolution2_node.ts	default	skip	unsupported-by-tsgo:unsupported-baseurl	unsupported baseUrl /.src/root/src		TestSubmodule/pathMappingBasedModuleResolution2_node.ts	4d4f005c8541e0255a9d8791205fdce326e462bc	2bd066d87f5bafd315be9f40889d0a60b9e58e0b
compiler/pathMappingBasedModuleResolution4_node.ts	default	skip	unsupported-by-tsgo:unsupported-baseurl	unsupported baseUrl c:/root		TestSubmodule/pathMappingBasedModuleResolution4_node.ts	4d4f005c8541e0255a9d8791205fdce326e462bc	2bd066d87f5bafd315be9f40889d0a60b9e58e0b
compiler/pathMappingBasedModuleResolution5_node.ts	default	skip	unsupported-by-tsgo:unsupported-baseurl	unsupported baseUrl c:/root		TestSubmodule/pathMappingBasedModuleResolution5_node.ts	4d4f005c8541e0255a9d8791205fdce326e462bc	2bd066d87f5bafd315be9f40889d0a60b9e58e0b
compiler/pathMappingBasedModuleResolution7_node.ts	default	skip	unsupported-by-tsgo:unsupported-baseurl	unsupported baseUrl c:/root		TestSubmodule/pathMappingBasedModuleResolution7_node.ts	4d4f005c8541e0255a9d8791205fdce326e462bc	2bd066d87f5bafd315be9f40889d0a60b9e58e0b
compiler/pathMappingBasedModuleResolution8_node.ts	default	skip	unsupported-by-tsgo:unsupported-baseurl	unsupported baseUrl c:/root		TestSubmodule/pathMappingBasedModuleResolution8_node.ts	4d4f005c8541e0255a9d8791205fdce326e462bc	2bd066d87f5bafd315be9f40889d0a60b9e58e0b
compiler/pathMappingBasedModuleResolution_rootImport_aliasWithRoot.ts	default	skip	unsupported-by-tsgo:unsupported-baseurl	unsupported baseUrl /root		TestSubmodule/pathMappingBasedModuleResolution_rootImport_aliasWithRoot.ts	4d4f005c8541e0255a9d8791205fdce326e462bc	2bd066d87f5bafd315be9f40889d0a60b9e58e0b
compiler/pathMappingBasedModuleResolution_rootImport_aliasWithRoot_differentRootTypes.ts	default	skip	unsupported-by-tsgo:unsupported-baseurl	unsupported baseUrl /root		TestSubmodule/pathMappingBasedModuleResolution_rootImport_aliasWithRoot_differentRootTypes.ts	4d4f005c8541e0255a9d8791205fdce326e462bc	2bd066d87f5bafd315be9f40889d0a60b9e58e0b
compiler/pathMappingBasedModuleResolution_rootImport_aliasWithRoot_multipleAliases.ts	default	skip	unsupported-by-tsgo:unsupported-baseurl	unsupported baseUrl /root		TestSubmodule/pathMappingBasedModuleResolution_rootImport_aliasWithRoot_multipleAliases.ts	4d4f005c8541e0255a9d8791205fdce326e462bc	2bd066d87f5bafd315be9f40889d0a60b9e58e0b
compiler/pathMappingBasedModuleResolution_rootImport_aliasWithRoot_realRootFile.ts	default	skip	unsupported-by-tsgo:unsupported-baseurl	unsupported baseUrl /root		TestSubmodule/pathMappingBasedModuleResolution_rootImport_aliasWithRoot_realRootFile.ts	4d4f005c8541e0255a9d8791205fdce326e462bc	2bd066d87f5bafd315be9f40889d0a60b9e58e0b
compiler/pathMappingBasedModuleResolution_rootImport_noAliasWithRoot.ts	default	skip	unsupported-by-tsgo:unsupported-baseurl	unsupported baseUrl /root		TestSubmodule/pathMappingBasedModuleResolution_rootImport_noAliasWithRoot.ts	4d4f005c8541e0255a9d8791205fdce326e462bc	2bd066d87f5bafd315be9f40889d0a60b9e58e0b
compiler/pathMappingBasedModuleResolution_rootImport_noAliasWithRoot_realRootFile.ts	default	skip	unsupported-by-tsgo:unsupported-baseurl	unsupported baseUrl /root		TestSubmodule/pathMappingBasedModuleResolution_rootImport_noAliasWithRoot_realRootFile.ts	4d4f005c8541e0255a9d8791205fdce326e462bc	2bd066d87f5bafd315be9f40889d0a60b9e58e0b
compiler/pathMappingBasedModuleResolution_withExtension.ts	default	skip	unsupported-by-tsgo:unsupported-baseurl	unsupported baseUrl /		TestSubmodule/pathMappingBasedModuleResolution_withExtension.ts	4d4f005c8541e0255a9d8791205fdce326e462bc	2bd066d87f5bafd315be9f40889d0a60b9e58e0b
compiler/pathMappingBasedModuleResolution_withExtensionInName.ts	default	skip	unsupported-by-tsgo:unsupported-baseurl	unsupported baseUrl /		TestSubmodule/pathMappingBasedModuleResolution_withExtensionInName.ts	4d4f005c8541e0255a9d8791205fdce326e462bc	2bd066d87f5bafd315be9f40889d0a60b9e58e0b
compiler/pathMappingBasedModuleResolution_withExtension_MapedToNodeModules.ts	default	skip	unsupported-by-tsgo:unsupported-baseurl	unsupported baseUrl /		TestSubmodule/pathMappingBasedModuleResolution_withExtension_MapedToNodeModules.ts	4d4f005c8541e0255a9d8791205fdce326e462bc	2bd066d87f5bafd315be9f40889d0a60b9e58e0b
compiler/pathMappingBasedModuleResolution_withExtension_failedLookup.ts	default	skip	unsupported-by-tsgo:unsupported-baseurl	unsupported baseUrl /		TestSubmodule/pathMappingBasedModuleResolution_withExtension_failedLookup.ts	4d4f005c8541e0255a9d8791205fdce326e462bc	2bd066d87f5bafd315be9f40889d0a60b9e58e0b
compiler/pathMappingInheritedBaseUrl.ts	default	skip	unsupported-by-tsgo:unsupported-baseurl	unsupported baseUrl /other		TestSubmodule/pathMappingInheritedBaseUrl.ts	4d4f005c8541e0255a9d8791205fdce326e462bc	2bd066d87f5bafd315be9f40889d0a60b9e58e0b
compiler/pathsValidation1.ts	default	skip	unsupported-by-tsgo:unsupported-baseurl	unsupported baseUrl /.src		TestSubmodule/pathsValidation1.ts	4d4f005c8541e0255a9d8791205fdce326e462bc	2bd066d87f5bafd315be9f40889d0a60b9e58e0b
compiler/pathsValidation2.ts	default	skip	unsupported-by-tsgo:unsupported-baseurl	unsupported baseUrl /.src		TestSubmodule/pathsValidation2.ts	4d4f005c8541e0255a9d8791205fdce326e462bc	2bd066d87f5bafd315be9f40889d0a60b9e58e0b
compiler/pathsValidation3.ts	default	skip	unsupported-by-tsgo:unsupported-baseurl	unsupported baseUrl /.src		TestSubmodule/pathsValidation3.ts	4d4f005c8541e0255a9d8791205fdce326e462bc	2bd066d87f5bafd315be9f40889d0a60b9e58e0b
compiler/pathsValidation4.ts	default	skip	unsupported-by-tsgo:unsupported-baseurl	unsupported baseUrl /.src/src		TestSubmodule/pathsValidation4.ts	4d4f005c8541e0255a9d8791205fdce326e462bc	2bd066d87f5bafd315be9f40889d0a60b9e58e0b
compiler/requireOfJsonFileWithoutResolveJsonModuleAndPathMapping.ts	default	skip	unsupported-by-tsgo:unsupported-baseurl	unsupported baseUrl /		TestSubmodule/requireOfJsonFileWithoutResolveJsonModuleAndPathMapping.ts	4d4f005c8541e0255a9d8791205fdce326e462bc	2bd066d87f5bafd315be9f40889d0a60b9e58e0b
compiler/requireOfJsonFile_PathMapping.ts	default	skip	unsupported-by-tsgo:unsupported-baseurl	unsupported baseUrl /		TestSubmodule/requireOfJsonFile_PathMapping.ts	4d4f005c8541e0255a9d8791205fdce326e462bc	2bd066d87f5bafd315be9f40889d0a60b9e58e0b
conformance/moduleResolution/resolutionModeTripleSlash4.ts	default	skip	unsupported-by-tsgo:unsupported-module-resolution-node10	unsupported module resolution kind 2		TestSubmodule/resolutionModeTripleSlash4.ts	4d4f005c8541e0255a9d8791205fdce326e462bc	2bd066d87f5bafd315be9f40889d0a60b9e58e0b
conformance/moduleResolution/resolutionModeTripleSlash5.ts	default	skip	unsupported-by-tsgo:unsupported-module-resolution-node10	unsupported module resolution kind 2		TestSubmodule/resolutionModeTripleSlash5.ts	4d4f005c8541e0255a9d8791205fdce326e462bc	2bd066d87f5bafd315be9f40889d0a60b9e58e0b
compiler/tsconfigMapOptionsAreCaseInsensitive.ts	default	skip	unsupported-by-tsgo:unsupported-module-amd	unsupported module kind AMD		TestSubmodule/tsconfigMapOptionsAreCaseInsensitive.ts	4d4f005c8541e0255a9d8791205fdce326e462bc	2bd066d87f5bafd315be9f40889d0a60b9e58e0b
compiler/typedArrayConstructorOverloads.ts	default	pass	verified-empty-reference-output	pinned runner accepted absent diagnostic, emit, and source-map baselines; noemit=true; notypesandsymbols=true	error;output;source_file_parent_pointers;sourcemap;sourcemap_record;union_ordering	TestSubmodule/typedArrayConstructorOverloads.ts	4d4f005c8541e0255a9d8791205fdce326e462bc	2bd066d87f5bafd315be9f40889d0a60b9e58e0b
compiler/verbatimModuleSyntaxReactReference.ts	default	pass	verified-empty-reference-output	pinned runner accepted absent diagnostic, emit, and source-map baselines; noemit=true; notypesandsymbols=true	error;output;source_file_parent_pointers;sourcemap;sourcemap_record;union_ordering	TestSubmodule/verbatimModuleSyntaxReactReference.ts	4d4f005c8541e0255a9d8791205fdce326e462bc	2bd066d87f5bafd315be9f40889d0a60b9e58e0b
